Designator,Footprint,Quantity,Value,LCSC Part #
"C1_8, C1_7, C1_6, C1_5, C1_4, C1_3, C1_2, C1",603,8,470pF,C1620
"C10_8, C10_7, C10_6, C10_5, C10_4, C10_3, C10_2, C10, C11_8, C11_7, C11_6, C11_5, C11_4, C11_3, C11_2, C11",603,16,4.7uF,C19666
"C12_8, C12_7, C12_6, C12_5, C12_4, C12_3, C12_2, C12, C5_8, C5_7, C5_6, C5_5, C5_4, C5_3, C5_2, C5, C6_8, C6_7, C6_6, C6_5, C6_4, C6_3, C6_2, C6",603,24,22uF,C59461
"C13_8, C13_7, C13_6, C13_5, C13_4, C13_3, C13_2, C13, C14_8, C14_7, C14_6, C14_5, C14_4, C14_3, C14_2, C14, C2_8, C2_7, C2_6, C2_5, C2_4, C2_3, C2_2, C2, C3_8, C3_7, C3_6, C3_5, C3_4, C3_3, C3_2, C3, C4_8, C4_7, C4_6, C4_5, C4_4, C4_3, C4_2, C4, C7_8, C7_7, C7_6, C7_5, C7_4, C7_3, C7_2, C7, C8_8, C8_7, C8_6, C8_5, C8_4, C8_3, C8_2, C8, C9_8, C9_7, C9_6, C9_5, C9_4, C9_3, C9_2, C9",603,64,0.1uF,C14663
"D1_8, D1_7, D1_6, D1_5, D1_4, D1_3, D1_2, D1",LED-0603,8,Blue,C2286
"D2_8, D2_7, D2_6, D2_5, D2_4, D2_3, D2_2, D2, D3_8, D3_7, D3_6, D3_5, D3_4, D3_3, D3_2, D3, D4_8, D4_7, D4_6, D4_5, D4_4, D4_3, D4_2, D4",603,24,24V,C2929252
"Q1_8, Q1_7, Q1_6, Q1_5, Q1_4, Q1_3, Q1_2, Q1, Q2_8, Q2_7, Q2_6, Q2_5, Q2_4, Q2_3, Q2_2, Q2",SOT-416FL,16,100mA/20V/3.8Ω,C703629
"R1_8, R1_7, R1_6, R1_5, R1_4, R1_3, R1_2, R1",603,8,4.7k,C23162
"R2_8, R2_7, R2_6, R2_5, R2_4, R2_3, R2_2, R2, R5_8, R5_7, R5_6, R5_5, R5_4, R5_3, R5_2, R5, R7_8, R7_7, R7_6, R7_5, R7_4, R7_3, R7_2, R7",603,24,100k,C25803
"R3_8, R3_7, R3_6, R3_5, R3_4, R3_3, R3_2, R3, R4_8, R4_7, R4_6, R4_5, R4_4, R4_3, R4_2, R4",603,16,2.2k,C4190
"R6_8, R6_7, R6_6, R6_5, R6_4, R6_3, R6_2, R6",603,8,1k,C21190
"U2_8, U2_7, U2_6, U2_5, U2_4, U2_3, U2_2, U2",LGA14L,8,LSM6DS0,C2829074
"U3_8, U3_7, U3_6, U3_5, U3_4, U3_3, U3_2, U3",STM32C011F6U6,8,STM32C011F6U6,C5456206
"U4_8, U4_7, U4_6, U4_5, U4_4, U4_3, U4_2, U4",SOT23-5,8,RT9080-18GJ5,C426476