Designator,Mid X,Mid Y,Rotation,Layer
_34,216.025,-119.6125,0.0,top
_33,216.025,-39.3875,0.0,bottom
_32,216.025,-39.3875,0.0,top
_31,135.975,-39.3875,0.0,bottom
_30,135.975,-39.3875,0.0,top
_29,135.975,-119.6125,0.0,bottom
_28,135.975,-119.6125,0.0,top
_27,193.5,-44.0,0.0,top
_26,193.5,-69.5,0.0,top
_25,193.5,-95.0,0.0,top
_24,166.0,-44.0,0.0,top
_23,166.0,-69.5,0.0,top
_22,166.0,-95.0,0.0,top
_21,138.5,-44.0,0.0,top
_20,138.5,-69.5,0.0,top
_19,213.5,-64.0,0.0,top
_18,213.5,-89.5,0.0,top
_17,213.5,-115.0,0.0,top
_16,186.0,-64.0,0.0,top
_15,186.0,-89.5,0.0,top
_14,186.0,-115.0,0.0,top
_13,158.5,-64.0,0.0,top
_12,158.5,-89.5,0.0,top
_11,213.5,-44.0,0.0,top
_10,213.5,-69.5,0.0,top
_9,213.5,-95.0,0.0,top
_8,186.0,-44.0,0.0,top
_7,186.0,-69.5,0.0,top
_6,186.0,-95.0,0.0,top
_5,158.5,-44.0,0.0,top
_4,158.5,-69.5,0.0,top
_3,158.5,-95.0,0.0,top
_2,158.5,-115.0,0.0,top
,138.5,-95.0,0.0,top
C1_8,203.5011,-49.5586,0.0,bottom
C1_7,203.5011,-75.0586,0.0,bottom
C1_6,203.5011,-100.5586,0.0,bottom
C1_5,176.0011,-49.5586,0.0,bottom
C1_4,176.0011,-75.0586,0.0,bottom
C1_3,176.0011,-100.5586,0.0,bottom
C1_2,148.5011,-49.5586,0.0,bottom
C1,148.5011,-75.0586,0.0,bottom
C10_8,197.1511,-50.1936,0.0,bottom
C10_7,197.1511,-75.6936,0.0,bottom
C10_6,197.1511,-101.1936,0.0,bottom
C10_5,169.6511,-50.1936,0.0,bottom
C10_4,169.6511,-75.6936,0.0,bottom
C10_3,169.6511,-101.1936,0.0,bottom
C10_2,142.1511,-50.1936,0.0,bottom
C10,142.1511,-75.6936,0.0,bottom
C11_8,197.1511,-56.2896,0.0,bottom
C11_7,197.1511,-81.7896,0.0,bottom
C11_6,197.1511,-107.2896,0.0,bottom
C11_5,169.6511,-56.2896,0.0,bottom
C11_4,169.6511,-81.7896,0.0,bottom
C11_3,169.6511,-107.2896,0.0,bottom
C11_2,142.1511,-56.2896,0.0,bottom
C11,142.1511,-81.7896,0.0,bottom
C12_8,197.9131,-59.4646,0.0,top
C12_7,197.9131,-84.9646,0.0,top
C12_6,197.9131,-110.4646,0.0,top
C12_5,170.4131,-59.4646,0.0,top
C12_4,170.4131,-84.9646,0.0,top
C12_3,170.4131,-110.4646,0.0,top
C12_2,142.9131,-59.4646,0.0,top
C12,142.9131,-84.9646,0.0,top
C13_8,203.5011,-56.5436,0.0,top
C13_7,203.5011,-82.0436,0.0,top
C13_6,203.5011,-107.5436,0.0,top
C13_5,176.0011,-56.5436,0.0,top
C13_4,176.0011,-82.0436,0.0,top
C13_3,176.0011,-107.5436,0.0,top
C13_2,148.5011,-56.5436,0.0,top
C13,148.5011,-82.0436,0.0,top
C14_8,199.0561,-43.2086,180.0,top
C14_7,199.0561,-68.7086,180.0,top
C14_6,199.0561,-94.2086,180.0,top
C14_5,171.5561,-43.2086,180.0,top
C14_4,171.5561,-68.7086,180.0,top
C14_3,171.5561,-94.2086,180.0,top
C14_2,144.0561,-43.2086,180.0,top
C14,144.0561,-68.7086,180.0,top
C2_8,200.1991,-48.6696,270.0,top
C2_7,200.1991,-74.1696,270.0,top
C2_6,200.1991,-99.6696,270.0,top
C2_5,172.6991,-48.6696,270.0,top
C2_4,172.6991,-74.1696,270.0,top
C2_3,172.6991,-99.6696,270.0,top
C2_2,145.1991,-48.6696,270.0,top
C2,145.1991,-74.1696,270.0,top
C3_8,200.8341,-55.2736,270.0,top
C3_7,200.8341,-80.7736,270.0,top
C3_6,200.8341,-106.2736,270.0,top
C3_5,173.3341,-55.2736,270.0,top
C3_4,173.3341,-80.7736,270.0,top
C3_3,173.3341,-106.2736,270.0,top
C3_2,145.8341,-55.2736,270.0,top
C3,145.8341,-80.7736,270.0,top
C4_8,197.1511,-51.7176,0.0,bottom
C4_7,197.1511,-77.2176,0.0,bottom
C4_6,197.1511,-102.7176,0.0,bottom
C4_5,169.6511,-51.7176,0.0,bottom
C4_4,169.6511,-77.2176,0.0,bottom
C4_3,169.6511,-102.7176,0.0,bottom
C4_2,142.1511,-51.7176,0.0,bottom
C4,142.1511,-77.2176,0.0,bottom
C5_8,210.7401,-48.2886,0.0,top
C5_7,210.7401,-73.7886,0.0,top
C5_6,210.7401,-99.2886,0.0,top
C5_5,183.2401,-48.2886,0.0,top
C5_4,183.2401,-73.7886,0.0,top
C5_3,183.2401,-99.2886,0.0,top
C5_2,155.7401,-48.2886,0.0,top
C5,155.7401,-73.7886,0.0,top
C6_8,197.6591,-52.8606,90.0,top
C6_7,197.6591,-78.3606,90.0,top
C6_6,197.6591,-103.8606,90.0,top
C6_5,170.1591,-52.8606,90.0,top
C6_4,170.1591,-78.3606,90.0,top
C6_3,170.1591,-103.8606,90.0,top
C6_2,142.6591,-52.8606,90.0,top
C6,142.6591,-78.3606,90.0,top
C7_8,197.1511,-53.2416,0.0,bottom
C7_7,197.1511,-78.7416,0.0,bottom
C7_6,197.1511,-104.2416,0.0,bottom
C7_5,169.6511,-53.2416,0.0,bottom
C7_4,169.6511,-78.7416,0.0,bottom
C7_3,169.6511,-104.2416,0.0,bottom
C7_2,142.1511,-53.2416,0.0,bottom
C7,142.1511,-78.7416,0.0,bottom
C8_8,197.1511,-57.8136,0.0,bottom
C8_7,197.1511,-83.3136,0.0,bottom
C8_6,197.1511,-108.8136,0.0,bottom
C8_5,169.6511,-57.8136,0.0,bottom
C8_4,169.6511,-83.3136,0.0,bottom
C8_3,169.6511,-108.8136,0.0,bottom
C8_2,142.1511,-57.8136,0.0,bottom
C8,142.1511,-83.3136,0.0,bottom
C9_8,197.1511,-54.7656,0.0,bottom
C9_7,197.1511,-80.2656,0.0,bottom
C9_6,197.1511,-105.7656,0.0,bottom
C9_5,169.6511,-54.7656,0.0,bottom
C9_4,169.6511,-80.2656,0.0,bottom
C9_3,169.6511,-105.7656,0.0,bottom
C9_2,142.1511,-54.7656,0.0,bottom
C9,142.1511,-80.2656,0.0,bottom
D1_8,193.3411,-48.2886,180.0,top
D1_7,193.3411,-73.7886,180.0,top
D1_6,193.3411,-99.2886,180.0,top
D1_5,165.8411,-48.2886,180.0,top
D1_4,165.8411,-73.7886,180.0,top
D1_3,165.8411,-99.2886,180.0,top
D1_2,138.3411,-48.2886,180.0,top
D1,138.3411,-73.7886,180.0,top
D2_8,211.7561,-51.8446,0.0,bottom
D2_7,211.7561,-77.3446,0.0,bottom
D2_6,211.7561,-102.8446,0.0,bottom
D2_5,184.2561,-51.8446,0.0,bottom
D2_4,184.2561,-77.3446,0.0,bottom
D2_3,184.2561,-102.8446,0.0,bottom
D2_2,156.7561,-51.8446,0.0,bottom
D2,156.7561,-77.3446,0.0,bottom
D3_8,211.7561,-53.3686,0.0,bottom
D3_7,211.7561,-78.8686,0.0,bottom
D3_6,211.7561,-104.3686,0.0,bottom
D3_5,184.2561,-53.3686,0.0,bottom
D3_4,184.2561,-78.8686,0.0,bottom
D3_3,184.2561,-104.3686,0.0,bottom
D3_2,156.7561,-53.3686,0.0,bottom
D3,156.7561,-78.8686,0.0,bottom
D4_8,197.1,-60.9,0.0,bottom
D4_7,197.1,-86.4,0.0,bottom
D4_6,197.1,-111.9,0.0,bottom
D4_5,169.6,-60.9,0.0,bottom
D4_4,169.6,-86.4,0.0,bottom
D4_3,169.6,-111.9,0.0,bottom
D4_2,142.1,-60.9,0.0,bottom
D4,142.1,-86.4,0.0,bottom
FD1_9,196.0,-44.0,0.0,bottom
FD1_8,196.0,-69.5,0.0,bottom
FD1_7,196.0,-95.0,0.0,bottom
FD1_6,168.5,-44.0,0.0,bottom
FD1_5,168.5,-69.5,0.0,bottom
FD1_4,168.5,-95.0,0.0,bottom
FD1_3,141.0,-44.0,0.0,bottom
FD1_2,141.0,-69.5,0.0,bottom
FD1,141.0,-95.0,0.0,bottom
FD2_9,196.0,-44.0,0.0,top
FD2_8,196.0,-69.5,0.0,top
FD2_7,196.0,-95.0,0.0,top
FD2_6,168.5,-44.0,0.0,top
FD2_5,168.5,-69.5,0.0,top
FD2_4,168.5,-95.0,0.0,top
FD2_3,141.0,-44.0,0.0,top
FD2_2,141.0,-69.5,0.0,top
FD2,141.0,-95.0,0.0,top
FD3_9,213.5,-61.5,0.0,bottom
FD3_8,213.5,-87.0,0.0,bottom
FD3_7,213.5,-112.5,0.0,bottom
FD3_6,186.0,-61.5,0.0,bottom
FD3_5,186.0,-87.0,0.0,bottom
FD3_4,186.0,-112.5,0.0,bottom
FD3_3,158.5,-61.5,0.0,bottom
FD3_2,158.5,-87.0,0.0,bottom
FD3,158.5,-112.5,0.0,bottom
FD4_9,213.5,-61.5,0.0,top
FD4_8,213.5,-87.0,0.0,top
FD4_7,213.5,-112.5,0.0,top
FD4_6,186.0,-61.5,0.0,top
FD4_5,186.0,-87.0,0.0,top
FD4_4,186.0,-112.5,0.0,top
FD4_3,158.5,-61.5,0.0,top
FD4_2,158.5,-87.0,0.0,top
FD4,158.5,-112.5,0.0,top
FRAME1,200.5711,-132.9436,0.0,top
H1_18,193.3411,-64.1636,0.0,top
H1_17,193.3411,-89.6636,0.0,top
H1_16,193.3411,-115.1636,0.0,top
H1_15,165.8411,-64.1636,0.0,top
H1_14,165.8411,-89.6636,0.0,top
H1_13,165.8411,-115.1636,0.0,top
H1_12,138.3411,-64.1636,0.0,top
H1_11,138.3411,-89.6636,0.0,top
H1_10,193.5,-64.0,0.0,top
H1_9,193.5,-89.5,0.0,top
H1_8,193.5,-115.0,0.0,top
H1_7,166.0,-64.0,0.0,top
H1_6,166.0,-89.5,0.0,top
H1_5,166.0,-115.0,0.0,top
H1_4,138.5,-64.0,0.0,top
H1_3,138.5,-89.5,0.0,top
H1_2,138.5,-115.0,0.0,top
H1,138.3411,-115.1636,0.0,top
H2_9,193.3411,-43.8436,0.0,top
H2_8,193.3411,-69.3436,0.0,top
H2_7,193.3411,-94.8436,0.0,top
H2_6,165.8411,-43.8436,0.0,top
H2_5,165.8411,-69.3436,0.0,top
H2_4,165.8411,-94.8436,0.0,top
H2_3,138.3411,-43.8436,0.0,top
H2_2,138.3411,-69.3436,0.0,top
H2,138.3411,-94.8436,0.0,top
H3_9,213.6611,-43.8436,0.0,top
H3_8,213.6611,-69.3436,0.0,top
H3_7,213.6611,-94.8436,0.0,top
H3_6,186.1611,-43.8436,0.0,top
H3_5,186.1611,-69.3436,0.0,top
H3_4,186.1611,-94.8436,0.0,top
H3_3,158.6611,-43.8436,0.0,top
H3_2,158.6611,-69.3436,0.0,top
H3,158.6611,-94.8436,0.0,top
H4_9,213.6611,-64.1636,0.0,top
H4_8,213.6611,-89.6636,0.0,top
H4_7,213.6611,-115.1636,0.0,top
H4_6,186.1611,-64.1636,0.0,top
H4_5,186.1611,-89.6636,0.0,top
H4_4,186.1611,-115.1636,0.0,top
H4_3,158.6611,-64.1636,0.0,top
H4_2,158.6611,-89.6636,0.0,top
H4,158.6611,-115.1636,0.0,top
I2C0_8,214.4231,-49.5586,90.0,bottom
I2C0_7,214.4231,-75.0586,90.0,bottom
I2C0_6,214.4231,-100.5586,90.0,bottom
I2C0_5,186.9231,-49.5586,90.0,bottom
I2C0_4,186.9231,-75.0586,90.0,bottom
I2C0_3,186.9231,-100.5586,90.0,bottom
I2C0_2,159.4231,-49.5586,90.0,bottom
I2C0,159.4231,-75.0586,90.0,bottom
J3_11,148.5011,-111.0,0.0,top
J3_10,148.5011,-103.0,0.0,top
J3_9,203.5011,-65.0,0.0,top
J3_8,203.5011,-90.5,0.0,top
J3_7,203.5011,-116.0,0.0,top
J3_6,176.0011,-65.0,0.0,top
J3_5,176.0011,-90.5,0.0,top
J3_4,176.0011,-116.0,0.0,top
J3_3,148.5011,-65.0,0.0,top
J3_2,148.5011,-90.5,0.0,top
J3,148.5011,-116.0,0.0,top
PWR0_8,192.7061,-50.8286,270.0,bottom
PWR0_7,192.7061,-76.3286,270.0,bottom
PWR0_6,192.7061,-101.8286,270.0,bottom
PWR0_5,165.2061,-50.8286,270.0,bottom
PWR0_4,165.2061,-76.3286,270.0,bottom
PWR0_3,165.2061,-101.8286,270.0,bottom
PWR0_2,137.7061,-50.8286,270.0,bottom
PWR0,137.7061,-76.3286,270.0,bottom
Q1_8,197.6591,-48.1786,0.0,top
Q1_7,197.6591,-73.6786,0.0,top
Q1_6,197.6591,-99.1786,0.0,top
Q1_5,170.1591,-48.1786,0.0,top
Q1_4,170.1591,-73.6786,0.0,top
Q1_3,170.1591,-99.1786,0.0,top
Q1_2,142.6591,-48.1786,0.0,top
Q1,142.6591,-73.6786,0.0,top
Q2_8,200.8511,-58.5756,90.0,top
Q2_7,200.8511,-84.0756,90.0,top
Q2_6,200.8511,-109.5756,90.0,top
Q2_5,173.3511,-58.5756,90.0,top
Q2_4,173.3511,-84.0756,90.0,top
Q2_3,173.3511,-109.5756,90.0,top
Q2_2,145.8511,-58.5756,90.0,top
Q2,145.8511,-84.0756,90.0,top
R1_8,193.3411,-48.2886,180.0,bottom
R1_7,193.3411,-73.7886,180.0,bottom
R1_6,193.3411,-99.2886,180.0,bottom
R1_5,165.8411,-48.2886,180.0,bottom
R1_4,165.8411,-73.7886,180.0,bottom
R1_3,165.8411,-99.2886,180.0,bottom
R1_2,138.3411,-48.2886,180.0,bottom
R1,138.3411,-73.7886,180.0,bottom
R2_8,197.6591,-50.1936,0.0,top
R2_7,197.6591,-75.6936,0.0,top
R2_6,197.6591,-101.1936,0.0,top
R2_5,170.1591,-50.1936,0.0,top
R2_4,170.1591,-75.6936,0.0,top
R2_3,170.1591,-101.1936,0.0,top
R2_2,142.6591,-50.1936,0.0,top
R2,142.6591,-75.6936,0.0,top
R3_8,211.7561,-48.7966,180.0,bottom
R3_7,211.7561,-74.2966,180.0,bottom
R3_6,211.7561,-99.7966,180.0,bottom
R3_5,184.2561,-48.7966,180.0,bottom
R3_4,184.2561,-74.2966,180.0,bottom
R3_3,184.2561,-99.7966,180.0,bottom
R3_2,156.7561,-48.7966,180.0,bottom
R3,156.7561,-74.2966,180.0,bottom
R4_8,211.7561,-50.3206,180.0,bottom
R4_7,211.7561,-75.8206,180.0,bottom
R4_6,211.7561,-101.3206,180.0,bottom
R4_5,184.2561,-50.3206,180.0,bottom
R4_4,184.2561,-75.8206,180.0,bottom
R4_3,184.2561,-101.3206,180.0,bottom
R4_2,156.7561,-50.3206,180.0,bottom
R4,156.7561,-75.8206,180.0,bottom
R5_8,203.5011,-58.0676,180.0,top
R5_7,203.5011,-83.5676,180.0,top
R5_6,203.5011,-109.0676,180.0,top
R5_5,176.0011,-58.0676,180.0,top
R5_4,176.0011,-83.5676,180.0,top
R5_3,176.0011,-109.0676,180.0,top
R5_2,148.5011,-58.0676,180.0,top
R5,148.5011,-83.5676,180.0,top
R6_8,200.8341,-51.9716,270.0,top
R6_7,200.8341,-77.4716,270.0,top
R6_6,200.8341,-102.9716,270.0,top
R6_5,173.3341,-51.9716,270.0,top
R6_4,173.3341,-77.4716,270.0,top
R6_3,173.3341,-102.9716,270.0,top
R6_2,145.8341,-51.9716,270.0,top
R6,145.8341,-77.4716,270.0,top
R7_8,207.9461,-43.2086,180.0,top
R7_7,207.9461,-68.7086,180.0,top
R7_6,207.9461,-94.2086,180.0,top
R7_5,180.4461,-43.2086,180.0,top
R7_4,180.4461,-68.7086,180.0,top
R7_3,180.4461,-94.2086,180.0,top
R7_2,152.9461,-43.2086,180.0,top
R7,152.9461,-68.7086,180.0,top
U$1_9,203.5011,-43.8436,0.0,bottom
U$1_8,203.5011,-69.3436,0.0,bottom
U$1_7,203.5011,-94.8436,0.0,bottom
U$1_6,176.0011,-43.8436,0.0,bottom
U$1_5,176.0011,-69.3436,0.0,bottom
U$1_4,176.0011,-94.8436,0.0,bottom
U$1_3,148.5011,-43.8436,0.0,bottom
U$1_2,148.5011,-69.3436,0.0,bottom
U$1,148.5011,-94.8436,0.0,bottom
U$18_8,204.5044,-44.9104,0.0,top
U$18_7,204.5044,-70.4104,0.0,top
U$18_6,204.5044,-95.9104,0.0,top
U$18_5,177.0044,-44.9104,0.0,top
U$18_4,177.0044,-70.4104,0.0,top
U$18_3,177.0044,-95.9104,0.0,top
U$18_2,149.5044,-44.9104,0.0,top
U$18,149.5044,-70.4104,0.0,top
U$25_8,193.3411,-46.8408,0.0,top
U$25_7,193.3411,-72.3408,0.0,top
U$25_6,193.3411,-97.8408,0.0,top
U$25_5,165.8411,-46.8408,0.0,top
U$25_4,165.8411,-72.3408,0.0,top
U$25_3,165.8411,-97.8408,0.0,top
U$25_2,138.3411,-46.8408,0.0,top
U$25,138.3411,-72.3408,0.0,top
U$29_8,202.5994,-43.0054,0.0,top
U$29_7,202.5994,-68.5054,0.0,top
U$29_6,202.5994,-94.0054,0.0,top
U$29_5,175.0994,-43.0054,0.0,top
U$29_4,175.0994,-68.5054,0.0,top
U$29_3,175.0994,-94.0054,0.0,top
U$29_2,147.5994,-43.0054,0.0,top
U$29,147.5994,-68.5054,0.0,top
U$30_8,210.1051,-44.8596,0.0,bottom
U$30_7,210.1051,-70.3596,0.0,bottom
U$30_6,210.1051,-95.8596,0.0,bottom
U$30_5,182.6051,-44.8596,0.0,bottom
U$30_4,182.6051,-70.3596,0.0,bottom
U$30_3,182.6051,-95.8596,0.0,bottom
U$30_2,155.1051,-44.8596,0.0,bottom
U$30,155.1051,-70.3596,0.0,bottom
U$31_8,208.2001,-42.9546,0.0,bottom
U$31_7,208.2001,-68.4546,0.0,bottom
U$31_6,208.2001,-93.9546,0.0,bottom
U$31_5,180.7001,-42.9546,0.0,bottom
U$31_4,180.7001,-68.4546,0.0,bottom
U$31_3,180.7001,-93.9546,0.0,bottom
U$31_2,153.2001,-42.9546,0.0,bottom
U$31,153.2001,-68.4546,0.0,bottom
U1_8,203.5011,-54.0036,0.0,bottom
U1_7,203.5011,-79.5036,0.0,bottom
U1_6,203.5011,-105.0036,0.0,bottom
U1_5,176.0011,-54.0036,0.0,bottom
U1_4,176.0011,-79.5036,0.0,bottom
U1_3,176.0011,-105.0036,0.0,bottom
U1_2,148.5011,-54.0036,0.0,bottom
U1,148.5011,-79.5036,0.0,bottom
U2_8,203.5011,-54.0036,270.0,top
U2_7,203.5011,-79.5036,270.0,top
U2_6,203.5011,-105.0036,270.0,top
U2_5,176.0011,-54.0036,270.0,top
U2_4,176.0011,-79.5036,270.0,top
U2_3,176.0011,-105.0036,270.0,top
U2_2,148.5011,-54.0036,270.0,top
U2,148.5011,-79.5036,270.0,top
U3_8,203.5011,-48.9236,0.0,top
U3_7,203.5011,-74.4236,0.0,top
U3_6,203.5011,-99.9236,0.0,top
U3_5,176.0011,-48.9236,0.0,top
U3_4,176.0011,-74.4236,0.0,top
U3_3,176.0011,-99.9236,0.0,top
U3_2,148.5011,-48.9236,0.0,top
U3,148.5011,-74.4236,0.0,top
U4_8,198.4211,-56.5436,0.0,top
U4_7,198.4211,-82.0436,0.0,top
U4_6,198.4211,-107.5436,0.0,top
U4_5,170.9211,-56.5436,0.0,top
U4_4,170.9211,-82.0436,0.0,top
U4_3,170.9211,-107.5436,0.0,top
U4_2,143.4211,-56.5436,0.0,top
U4,143.4211,-82.0436,0.0,top
